email,password,marketplace
abhi@yopmail.com,aa,KZ
lb.test@yopmail.com,aa,LB
lebanon1@yopmail.com,aa,LB
lb-en@yopmail.com,aa,LB
ir@yopmail.com,aa,IQ
uzk@yopmail.com,aa,UZ
uz@yopmail.com,aa,UZ
kze@yopmail.com,aa,KZ
kz_test@yopmail.com,aa,KZ
101@yopmail.com,aa,LB
uaaz@yopmail.com,aa,AZ
leb@yopmail.com,aa,LB
kza@yopmail.com,aa,KZ
zoo@yopmail.com,aa,KZ
kzkz@yopmail.com,aa,AF
kazak123@yopmail.com,aa,AF
kzak@yopmail.com,aa,KZ
af09@yopmail.com,aa,AF
lbn@yopmail.com,aa,LB
lbt@yopmail.com,aa,LB
aaa@yopmail.com,aa,KZ
kazak1@yopmail.com,aa,KZ
lebo@yopmail.com,aa,LB
a1albb@yopmail.com,aa,LB
a1aaf@yopmail.com,aa,AF
a1akz@yopmail.com,aa,KZ
vijay@yopmail.com,aa,KZ
vijay86@yopmail.com,aa,KZ
fgfgga@yopmail.com,aa,KZ
lbar@yopmail.com,aa,LB
testlb@yopmail.com,aa,LB
testkz@yopmail.com,aa,KZ
testrus@yopmail.com,aa,KZ
test21@yopmail.com,aa,KZ
lbtest@yopmail.com,aa,LB
testir@yopmail.com,aa,IQ
klive@yopmail.com,aa,KZ
iq.live@yopmail.com,aa,IQ
kz.1.kz@yopmail.com,aa,KZ
1.af@yopmail.com,aa,AF
kz.1@yopmail.com,aa,KZ
lb28@yopmail.com,aa,LB
ir.1@yopmail.com,aa,IQ
af.1@yopmail.com,aa,AF
ab.1@yopmail.com,aa,AZ
jig@yopmail.com,aa,AF
kztest@yopmail.com,aa,KZ
live.lb@yopmail.com,aa,LB
aflive@yopmail.com,aa,AF
lblive@yopmail.com,aa,LB
kz18@yopmail.com,aa,KZ
18live@yopmail.com,aa,KZ
18lb@yopmail.com,aa,LB
liveajb@yopmail.com,aa,AZ
newtest@yopmail.com,aa,LB
lb.live15@yopmail.com,aa,LB
lb.live@yopmail.com,aa,LB
uz.live@yopmail.com,aa,UZ
ir1.live@yopmail.com,aa,IQ
ajb@yopmail.com,aa,LB
non@yopmail.com,aa,LB
b.lb@yopmail.com,aa,KZ
a.ir@yopmail.com,aa,IQ
d.ir@yopmail.com,aa,IQ
z.ir@yopmail.com,aa,IQ
afg@yopmail.com,aa,AF
kt@yopmail.com,aa,KZ
pop@yopmail.com,aa,LB
ik@yopmail.com,aa,IQ
lbtest1@yopmail.com,aa,LB
aber2@yopmail.com,aa,AZ
afgi2@yopmail.com,aa,AF
iraq2@yopmail.com,aa,IQ
aberz@yopmail.com,aa,AZ
kazi@yopmail.com,aa,KZ
zz@yopmail.com,aa,KZ
a@yopmail.com,aa,AZ
azer1@yopmail.com,aa,AZ
ubez2@yopmail.com,aa,UZ
uzbki@yopmail.com,aa,UZ
ulive@yopmail.com,aa,UZ
llive@yopmail.com,aa,LB
agfi@yopmail.com,aa,AF
zoo.uz@yopmail.com,aa,UZ
uu.zz@yopmail.com,aa,UZ
ll.bb@yopmail.com,aa,LB
apiuserj_3009974@yopmail.com,test@1234,UZ
apiuserj_5100031@yopmail.com,test@1234,UZ
apiuserj_3114949@yopmail.com,test@1234,UZ
apiuserj_495527@yopmail.com,test@1234,UZ
apiuserj_8826049@yopmail.com,test@1234,UZ
apiuserj_6880582@yopmail.com,test@1234,UZ
apiuserj_5800086@yopmail.com,test@1234,UZ
apiuserj_7966304@yopmail.com,test@1234,UZ
apiuserj_8631118@yopmail.com,test@1234,UZ
apiuserj_1758534@yopmail.com,test@1234,UZ
apiuserj_5593589@yopmail.com,test@1234,UZ
apiuserj_2909425@yopmail.com,test@1234,UZ
apiuserj_1545706@yopmail.com,test@1234,UZ
